technology,parameter,year,value,unit,currency_year,macroregion,uncertainty,source,further_description
air separation unit,FOM,2050,2,%/year,2018,,,"Ikäheimo, Jussi; Kiviluoma, Juha; Weiss, Robert; Holttinen, Hannele (2018): Power-to-ammonia in future North European 100 % renewable power and heat system. In: International Journal of Hydrogen Energy 43 (36), S. 17295–17308.",
air separation unit,investment,2050,1445400,EUR/t_N2/h,2018,,,"Ikäheimo, Jussi; Kiviluoma, Juha; Weiss, Robert; Holttinen, Hannele (2018): Power-to-ammonia in future North European 100 % renewable power and heat system. In: International Journal of Hydrogen Energy 43 (36), S. 17295–17308.",
air separation unit,lifetime,2050,20,years,2018,,,"Ikäheimo, Jussi; Kiviluoma, Juha; Weiss, Robert; Holttinen, Hannele (2018): Power-to-ammonia in future North European 100 % renewable power and heat system. In: International Journal of Hydrogen Energy 43 (36), S. 17295–17308.",
air separation unit,electricity-input,2050,0.1,MWh/t_N2,2021,,,"Rouwenhorst, K.H.R.; Krzywda, P. M.; Benes, N. E.; Mul, G.; Lefferts, L. (2021): Ammonia Production Technologies. In: Techno-Economic Challenges of Green Ammonia as an Energy Vector: Elsevier, S. 41–83.",
battery storage,investment,2050,479500,Euro/MWh,2017,,,"Pfennig, Maximilian; Gerhardt, Norman; Pape, Carsten; Böttger, Diana (2017): MITTEL- UND LANGFRISTIGE POTENZIALE VON PTL- UND H2-IMPORTEN AUS INTERNATIONALEN EE-VORZUGSREGIONEN. Teilbericht im Rahmen des Projektes: KLIMAWIRKSAMKEIT ELEKTROMOBILITÄT. Hg. v. Fraunhofer IWES. Kassel. Online verfügbar unter www.energieversorgung-elektromobilitaet.de/includes/reports/Teilbericht_Potenziale_PtL_H2_Importe_FraunhoferIWES.pdf",
battery storage,FOM,2050,1,%/year,2017,,,"Pfennig, Maximilian; Gerhardt, Norman; Pape, Carsten; Böttger, Diana (2017): MITTEL- UND LANGFRISTIGE POTENZIALE VON PTL- UND H2-IMPORTEN AUS INTERNATIONALEN EE-VORZUGSREGIONEN. Teilbericht im Rahmen des Projektes: KLIMAWIRKSAMKEIT ELEKTROMOBILITÄT. Hg. v. Fraunhofer IWES. Kassel. Online verfügbar unter www.energieversorgung-elektromobilitaet.de/includes/reports/Teilbericht_Potenziale_PtL_H2_Importe_FraunhoferIWES.pdf",
battery storage,lifetime,2050,15,years,2015,,,"Danish Energy Agency: Technology Data Catalogue for Electricity and district heating production - Updated April 2020. Online verfügbar unter ens.dk/sites/ens.dk/files/Statistik/technology_data_catalogue_for_el_and_dh_-_0009.pdf, zuletzt geprüft am 17.05.2021.",
central air-sourced heat pump,investment,2050,1011000,Euro/MW_el,2015,,,"Danish Energy Agency: Technology Data Catalogue for Electricity and district heating production - Updated April 2020. Online verfügbar unter ens.dk/sites/ens.dk/files/Statistik/technology_data_catalogue_for_el_and_dh_-_0009.pdf, zuletzt geprüft am 17.05.2021.",
central air-sourced heat pump,FOM,2050,1.45,%/year,2015,,,"Danish Energy Agency: Technology Data Catalogue for Electricity and district heating production - Updated April 2020. Online verfügbar unter ens.dk/sites/ens.dk/files/Statistik/technology_data_catalogue_for_el_and_dh_-_0009.pdf, zuletzt geprüft am 17.05.2021.",
central air-sourced heat pump,VOM,2050,1.69,Euro/MWh_el,2015,,,"Danish Energy Agency: Technology Data Catalogue for Electricity and district heating production - Updated April 2020. Online verfügbar unter ens.dk/sites/ens.dk/files/Statistik/technology_data_catalogue_for_el_and_dh_-_0009.pdf, zuletzt geprüft am 17.05.2021.",
central air-sourced heat pump,lifetime,2050,20,years,2015,,,"Danish Energy Agency: Technology Data Catalogue for Electricity and district heating production - Updated April 2020. Online verfügbar unter ens.dk/sites/ens.dk/files/Statistik/technology_data_catalogue_for_el_and_dh_-_0009.pdf, zuletzt geprüft am 17.05.2021.",
central air-sourced heat pump,efficiency,2050,3.03,per unit,2018,,,"Eigene Annahmen auf Basis von Smolinka, Tom & Wiebe, Nikolai & Sterchele, Philip & Palzer, Andreas & Lehner, Franz & Jansen, Malte & Kiemel, Steffen & Miehe, Robert & Wahren, Sylvia & Zimmermann, Fabian. (2018). Studie IndWEDe: Industrialisierung der Wasserelektrolyse in Deutschland: Chancen und Herausforderungen für nachhaltigen Wasserstoff für Verkehr, Strom und Wärme.",
central resistive heater,investment,2050,100000,Euro/MW_el,2015,,,"Danish Energy Agency: Technology Data Catalogue for Electricity and district heating production - Updated April 2020. Online verfügbar unter ens.dk/sites/ens.dk/files/Statistik/technology_data_catalogue_for_el_and_dh_-_0009.pdf, zuletzt geprüft am 17.05.2021.",
central resistive heater,FOM,2050,2.5,%/year,2015,,,"Danish Energy Agency: Technology Data Catalogue for Electricity and district heating production - Updated April 2020. Online verfügbar unter ens.dk/sites/ens.dk/files/Statistik/technology_data_catalogue_for_el_and_dh_-_0009.pdf, zuletzt geprüft am 17.05.2021.",
central resistive heater,VOM,2050,0.4,Euro/MWh_el,2015,,,"Danish Energy Agency: Technology Data Catalogue for Electricity and district heating production - Updated April 2020. Online verfügbar unter ens.dk/sites/ens.dk/files/Statistik/technology_data_catalogue_for_el_and_dh_-_0009.pdf, zuletzt geprüft am 17.05.2021.",
central resistive heater,lifetime,2050,20,years,2015,,,"Danish Energy Agency: Technology Data Catalogue for Electricity and district heating production - Updated April 2020. Online verfügbar unter ens.dk/sites/ens.dk/files/Statistik/technology_data_catalogue_for_el_and_dh_-_0009.pdf, zuletzt geprüft am 17.05.2021.",
central resistive heater,efficiency,2050,0.99,per unit,2015,,,"Danish Energy Agency: Technology Data Catalogue for Electricity and district heating production - Updated April 2020. Online verfügbar unter ens.dk/sites/ens.dk/files/Statistik/technology_data_catalogue_for_el_and_dh_-_0009.pdf, zuletzt geprüft am 17.05.2021.",
CH4 (g) fill compressor station,investment,2050,990805.4823,Euro/MW_el,2015,,,"eigene Annahmen auf Basis von Reuß, M.; Grube, T.; Robinius, M.; Preuster, P.; Wasserscheid, P.; d. Stolten (2017): Seasonal storage and alternative carriers: A flexible hydrogen supply chain model. In: Applied Energy 200 (12), S. 290-302.",
CH4 (g) fill compressor station,FOM,2050,4,%/year,2015,,,"Reuß, M.; Grube, T.; Robinius, M.; Preuster, P.; Wasserscheid, P.; d. Stolten (2017): Seasonal storage and alternative carriers: A flexible hydrogen supply chain model. In: Applied Energy 200 (12), S. 290-302.",
CH4 (g) fill compressor station,lifetime,2050,20,years,2017,,,"eige Annahmen auf Basis von Reuß, M.; Grube, T.; Robinius, M.; Preuster, P.; Wasserscheid, P.; d. Stolten (2017): Seasonal storage and alternative carriers: A flexible hydrogen supply chain model. In: Applied Energy 200 (12), S. 290-302.",
CH4 (g) fill compressor station,electricity-input,2050,0.03,MWh_el/MWh_CH4,2019,,,"Capra, Federico; Magli, Francesco; Gatti, Manuele (2019): Biomethane liquefaction: A systematic comparative analysis of refrigeration technologies. In: Applied Thermal Engineering 158 (2), S. 113815. DOI: 10.1016/j.applthermaleng.2019.113815.",
CH4 liquefaction,investment,2050,4380000,Euro/t_CH4/h,2015,,,"Eigene Annahme (Inv. Scale: 0,865) nach: Raj, Ratan; Suman, Ravi; Ghandehariun, Samane; Kumar, Amit; Tiwari, Manoj K. (2016): A techno-economic assessment of the liquefied natural gas (LNG) production facilities in Western Canada. In: Sustainable Energy Technologies and Assessments 18 (1), S. 140-152.",
CH4 liquefaction,FOM,2050,4,%/year,2015,,,"Raj, Ratan; Suman, Ravi; Ghandehariun, Samane; Kumar, Amit; Tiwari, Manoj K. (2016): A techno-economic assessment of the liquefied natural gas (LNG) production facilities in Western Canada. In: Sustainable Energy Technologies and Assessments 18 (1), S. 140-152.",
CH4 liquefaction,lifetime,2050,20,years,2019,,,"Capra, Federico; Magli, Francesco; Gatti, Manuele (2019): Biomethane liquefaction: A systematic comparative analysis of refrigeration technologies. In: Applied Thermal Engineering 158 (2), S. 113815. DOI: 10.1016/j.applthermaleng.2019.113815.",
CH4 liquefaction,electricity-input,2050,0.08,MWh_el/MWh_CH4,2019,,,"Capra, Federico; Magli, Francesco; Gatti, Manuele (2019): Biomethane liquefaction: A systematic comparative analysis of refrigeration technologies. In: Applied Thermal Engineering 158 (2), S. 113815. DOI: 10.1016/j.applthermaleng.2019.113815.",
direct air capture,investment,2050,3942000,Euro/t_CO2/h,2020,,,"Eigene Annahmen auf Basis von Fasihi, Mahdi; Efimova, Olga; Breyer, Christian (2019): Techno-economic assessment of CO2 direct air capture plants. In: Journal of Cleaner Production 224, S. 957–980. und auf Basis von www.bmwi.de/Redaktion/DE/Downloads/Studien/transformationspfade-fuer-strombasierte-energietraeger.pdf?__blob=publicationFile",
direct air capture,FOM,2050,4,%/year,2020,,,"Eigene Annahmen auf Basis von Fasihi, Mahdi; Efimova, Olga; Breyer, Christian (2019): Techno-economic assessment of CO2 direct air capture plants. In: Journal of Cleaner Production 224, S. 957–980. und auf Basis von www.bmwi.de/Redaktion/DE/Downloads/Studien/transformationspfade-fuer-strombasierte-energietraeger.pdf?__blob=publicationFile",
direct air capture,VOM,2050,1.3,Euro/MWh_el,2016,,,"Fasihi, Mahdi; Efimova, Olga; Breyer, Christian (2019): Techno-economic assessment of CO2 direct air capture plants. In: Journal of Cleaner Production 224, S. 957–980.",
direct air capture,lifetime,2050,30,years,2016,,,"Fasihi, Mahdi; Efimova, Olga; Breyer, Christian (2019): Techno-economic assessment of CO2 direct air capture plants. In: Journal of Cleaner Production 224, S. 957–980.",
direct air capture,electricity-input,2050,255.15,MWh_el/MWh_CH4,2019,,,"Eigene Annahmen auf Basis von Fasihi, Mahdi; Efimova, Olga; Breyer, Christian (2019): Techno-economic assessment of CO2 direct air capture plants. In: Journal of Cleaner Production 224, S. 957–980. und auf Basis von www.bmwi.de/Redaktion/DE/Downloads/Studien/transformationspfade-fuer-strombasierte-energietraeger.pdf?__blob=publicationFile",
direct air capture,thermal-input,2050,1312.2,MWh_th/MWh_CH4,2019,,,"Eigene Annahmen auf Basis von Fasihi, Mahdi; Efimova, Olga; Breyer, Christian (2019): Techno-economic assessment of CO2 direct air capture plants. In: Journal of Cleaner Production 224, S. 957–980. und auf Basis von www.bmwi.de/Redaktion/DE/Downloads/Studien/transformationspfade-fuer-strombasierte-energietraeger.pdf?__blob=publicationFile",
electrolysis PEMEC,investment,2050,470000,Euro/MW_el,2017,,,"Eigene Annahmen auf Basis von Smolinka, Tom & Wiebe, Nikolai & Sterchele, Philip & Palzer, Andreas & Lehner, Franz & Jansen, Malte & Kiemel, Steffen & Miehe, Robert & Wahren, Sylvia & Zimmermann, Fabian. (2018). Studie IndWEDe: Industrialisierung der Wasserelektrolyse in Deutschland: Chancen und Herausforderungen für nachhaltigen Wasserstoff für Verkehr, Strom und Wärme.",
electrolysis PEMEC,FOM,2050,5,%/year,2017,,,"Eigene Annahmen auf Basis von Smolinka, Tom & Wiebe, Nikolai & Sterchele, Philip & Palzer, Andreas & Lehner, Franz & Jansen, Malte & Kiemel, Steffen & Miehe, Robert & Wahren, Sylvia & Zimmermann, Fabian. (2018). Studie IndWEDe: Industrialisierung der Wasserelektrolyse in Deutschland: Chancen und Herausforderungen für nachhaltigen Wasserstoff für Verkehr, Strom und Wärme.",
electrolysis PEMEC,lifetime,2050,20,years,2017,,,"Eigene Annahmen auf Basis von Smolinka, Tom & Wiebe, Nikolai & Sterchele, Philip & Palzer, Andreas & Lehner, Franz & Jansen, Malte & Kiemel, Steffen & Miehe, Robert & Wahren, Sylvia & Zimmermann, Fabian. (2018). Studie IndWEDe: Industrialisierung der Wasserelektrolyse in Deutschland: Chancen und Herausforderungen für nachhaltigen Wasserstoff für Verkehr, Strom und Wärme.",
electrolysis PEMEC,efficiency,2050,0.71,per unit,2017,,,"Eigene Annahmen auf Basis von Smolinka, Tom & Wiebe, Nikolai & Sterchele, Philip & Palzer, Andreas & Lehner, Franz & Jansen, Malte & Kiemel, Steffen & Miehe, Robert & Wahren, Sylvia & Zimmermann, Fabian. (2018). Studie IndWEDe: Industrialisierung der Wasserelektrolyse in Deutschland: Chancen und Herausforderungen für nachhaltigen Wasserstoff für Verkehr, Strom und Wärme.",
electrolysis SOEC,investment,2050,550000,Euro/MW_el,2017,,,"Smolinka, Tom & Wiebe, Nikolai & Sterchele, Philip & Palzer, Andreas & Lehner, Franz & Jansen, Malte & Kiemel, Steffen & Miehe, Robert & Wahren, Sylvia & Zimmermann, Fabian. (2018). Studie IndWEDe: Industrialisierung der Wasserelektrolyse in Deutschland: Chancen und Herausforderungen für nachhaltigen Wasserstoff für Verkehr, Strom und Wärme.",
electrolysis SOEC,FOM,2050,3,%/year,2017,,,"Smolinka, Tom & Wiebe, Nikolai & Sterchele, Philip & Palzer, Andreas & Lehner, Franz & Jansen, Malte & Kiemel, Steffen & Miehe, Robert & Wahren, Sylvia & Zimmermann, Fabian. (2018). Studie IndWEDe: Industrialisierung der Wasserelektrolyse in Deutschland: Chancen und Herausforderungen für nachhaltigen Wasserstoff für Verkehr, Strom und Wärme.",
electrolysis SOEC,lifetime,2050,20,years,2017,,,"Smolinka, Tom & Wiebe, Nikolai & Sterchele, Philip & Palzer, Andreas & Lehner, Franz & Jansen, Malte & Kiemel, Steffen & Miehe, Robert & Wahren, Sylvia & Zimmermann, Fabian. (2018). Studie IndWEDe: Industrialisierung der Wasserelektrolyse in Deutschland: Chancen und Herausforderungen für nachhaltigen Wasserstoff für Verkehr, Strom und Wärme.",
electrolysis SOEC,efficiency,2050,0.88,per unit,2017,,,"Smolinka, Tom & Wiebe, Nikolai & Sterchele, Philip & Palzer, Andreas & Lehner, Franz & Jansen, Malte & Kiemel, Steffen & Miehe, Robert & Wahren, Sylvia & Zimmermann, Fabian. (2018). Studie IndWEDe: Industrialisierung der Wasserelektrolyse in Deutschland: Chancen und Herausforderungen für nachhaltigen Wasserstoff für Verkehr, Strom und Wärme.",
electrolysis SOEC,thermal-input,2050,0.18328541,MWh_th/MWh_H2,2015,,,"Verdegaal, Wolfgang Michael; Becker, Sebastian; Olshausen, Christian von (2015): Power-to-Liquids: Synthetisches Rohöl aus CO 2, Wasser und Sonne. In: Chemie Ingenieur Technik 87 (4), S. 340-346.",
Fischer-Tropsch,investment,2050,324000,Euro/MW_el,2016,,,"Eigene Annahmen auf Basis von Ausfelder, Florian; Dura, Hanna Ewa (Hg.) (2018): Optionen für ein nachhaltiges Energiesystem mit Power-to-X Technologien. Herausforderungen - Potenziale - Methoden - Auswirkungen: 1. Roadmap des Kopernikus-Projektes ""Power-to-X"": Flexible Nutzung erneuerbarer Ressourcen (P2X): erstellt im Rahmen der Roadmapping-Aktivitäten im Koperinkus-Projekt ""Power-to-X"": Flexible Nutzung erneuerbarer Ressourcen (P2X) gefördert durch das Bundesministerium für Bildung und Technologie. DECHEMA, Gesellschaft für Chemische Technik und Biotechnologie. 1. Auflage. Frankfurt am Main: DECHEMA Gesellschaft für Chemische Technik und Biotechnologie e.V. Online verfügbar unter edocs.tib.eu/files/e01fn18/1034723774.pdf",
Fischer-Tropsch,FOM,2050,5,%/year,2016,,,"Eigene Annahmen auf Basis von Ausfelder, Florian; Dura, Hanna Ewa (Hg.) (2018): Optionen für ein nachhaltiges Energiesystem mit Power-to-X Technologien. Herausforderungen - Potenziale - Methoden - Auswirkungen: 1. Roadmap des Kopernikus-Projektes ""Power-to-X"": Flexible Nutzung erneuerbarer Ressourcen (P2X): erstellt im Rahmen der Roadmapping-Aktivitäten im Koperinkus-Projekt ""Power-to-X"": Flexible Nutzung erneuerbarer Ressourcen (P2X) gefördert durch das Bundesministerium für Bildung und Technologie. DECHEMA, Gesellschaft für Chemische Technik und Biotechnologie. 1. Auflage. Frankfurt am Main: DECHEMA Gesellschaft für Chemische Technik und Biotechnologie e.V. Online verfügbar unter edocs.tib.eu/files/e01fn18/1034723774.pdf",
Fischer-Tropsch,lifetime,2050,20,years,2023,,,eigene Annahmen,
Fischer-Tropsch,efficiency,2050,0.763,per unit,2016,,,Eigene Berechnungen auf Basis des Ablaufs der chemischen Reaktion und einem angesetzten Gütegrad der Reaktion von 95% (5% verfahrenstechnische Verluste),
Fischer-Tropsch,thermal-output,2050,0.077217259,MWh_th/MWh_H2,2015,,,"Verdegaal, Wolfgang Michael; Becker, Sebastian; Olshausen, Christian von (2015): Power-to-Liquids: Synthetisches Rohöl aus CO 2, Wasser und Sonne. In: Chemie Ingenieur Technik 87 (4), S. 340-346.",
Haber-Bosch,investment,2050,507000,Euro/MW_el,2016,,,"Ikäheimo, Jussi; Kiviluoma, Juha; Weiss, Robert; Holttinen, Hannele (2018): Power-to-ammonia in future North European 100 % renewable power and heat system. In: International Journal of Hydrogen Energy 43 (36), S. 17295–17308.",
Haber-Bosch,FOM,2050,2,%/year,2016,,,"Ikäheimo, Jussi; Kiviluoma, Juha; Weiss, Robert; Holttinen, Hannele (2018): Power-to-ammonia in future North European 100 % renewable power and heat system. In: International Journal of Hydrogen Energy 43 (36), S. 17295–17308.",
Haber-Bosch,lifetime,2050,20,years,2016,,,eigene Annahmen,
Haber-Bosch,efficiency,2050,0.8302,per unit,2023,,,Eigene Berechnungen auf Basis des Ablaufs der chemischen Reaktion und einem angesetzten Gütegrad der Reaktion von 95% (5% verfahrenstechnische Verluste),
Haber-Bosch,thermal-output,2050,0.063695125,MWh_th/MWh_H2,2021,,,"Rouwenhorst, K.H.R.; Krzywda, P. M.; Benes, N. E.; Mul, G.; Lefferts, L. (2021): Ammonia Production Technologies. In: Techno-Economic Challenges of Green Ammonia as an Energy Vector: Elsevier, S. 41–83.",
methanation,investment,2050,324000,Euro/MW_el,2016,,,"Eigene Annahmen auf Basis von Ausfelder, Florian; Dura, Hanna Ewa (Hg.) (2018): Optionen für ein nachhaltiges Energiesystem mit Power-to-X Technologien. Herausforderungen - Potenziale - Methoden - Auswirkungen: 1. Roadmap des Kopernikus-Projektes ""Power-to-X"": Flexible Nutzung erneuerbarer Ressourcen (P2X): erstellt im Rahmen der Roadmapping-Aktivitäten im Koperinkus-Projekt ""Power-to-X"": Flexible Nutzung erneuerbarer Ressourcen (P2X) gefördert durch das Bundesministerium für Bildung und Technologie. DECHEMA, Gesellschaft für Chemische Technik und Biotechnologie. 1. Auflage. Frankfurt am Main: DECHEMA Gesellschaft für Chemische Technik und Biotechnologie e.V. Online verfügbar unter edocs.tib.eu/files/e01fn18/1034723774.pdf",
methanation,FOM,2050,5,%/year,2016,,,"Eigene Annahmen auf Basis von Ausfelder, Florian; Dura, Hanna Ewa (Hg.) (2018): Optionen für ein nachhaltiges Energiesystem mit Power-to-X Technologien. Herausforderungen - Potenziale - Methoden - Auswirkungen: 1. Roadmap des Kopernikus-Projektes ""Power-to-X"": Flexible Nutzung erneuerbarer Ressourcen (P2X): erstellt im Rahmen der Roadmapping-Aktivitäten im Koperinkus-Projekt ""Power-to-X"": Flexible Nutzung erneuerbarer Ressourcen (P2X) gefördert durch das Bundesministerium für Bildung und Technologie. DECHEMA, Gesellschaft für Chemische Technik und Biotechnologie. 1. Auflage. Frankfurt am Main: DECHEMA Gesellschaft für Chemische Technik und Biotechnologie e.V. Online verfügbar unter edocs.tib.eu/files/e01fn18/1034723774.pdf",
methanation,lifetime,2050,20,years,2023,,,eigene Annahmen,
methanation,efficiency,2050,0.789,per unit,2023,,,Eigene Berechnungen auf Basis des Ablaufs der chemischen Reaktion und einem angesetzten Gütegrad der Reaktion von 95% (5% verfahrenstechnische Verluste),
methanation,thermal-output,2050,0.085269058,MWh_th/MWh_H2,2015,,,"Ausfelder, Florian; Beilmann, Christian; Bertau, Martin; Bräuninger, Sigmar; Heinzel, Angelika; Hoer, Renate et al. (2015): Energiespeicherung als Element einer sicheren Energieversorgung. In: Chemie Ingenieur Technik 87 (1-2), S. 17-89",
methanolisation,investment,2050,324000,Euro/MW_el,2016,,,"Eigene Annahmen auf Basis von Ausfelder, Florian; Dura, Hanna Ewa (Hg.) (2018): Optionen für ein nachhaltiges Energiesystem mit Power-to-X Technologien. Herausforderungen - Potenziale - Methoden - Auswirkungen: 1. Roadmap des Kopernikus-Projektes ""Power-to-X"": Flexible Nutzung erneuerbarer Ressourcen (P2X): erstellt im Rahmen der Roadmapping-Aktivitäten im Koperinkus-Projekt ""Power-to-X"": Flexible Nutzung erneuerbarer Ressourcen (P2X) gefördert durch das Bundesministerium für Bildung und Technologie. DECHEMA, Gesellschaft für Chemische Technik und Biotechnologie. 1. Auflage. Frankfurt am Main: DECHEMA Gesellschaft für Chemische Technik und Biotechnologie e.V. Online verfügbar unter edocs.tib.eu/files/e01fn18/1034723774.pdf",
methanolisation,FOM,2050,5,%/year,2016,,,"Eigene Annahmen auf Basis von Ausfelder, Florian; Dura, Hanna Ewa (Hg.) (2018): Optionen für ein nachhaltiges Energiesystem mit Power-to-X Technologien. Herausforderungen - Potenziale - Methoden - Auswirkungen: 1. Roadmap des Kopernikus-Projektes ""Power-to-X"": Flexible Nutzung erneuerbarer Ressourcen (P2X): erstellt im Rahmen der Roadmapping-Aktivitäten im Koperinkus-Projekt ""Power-to-X"": Flexible Nutzung erneuerbarer Ressourcen (P2X) gefördert durch das Bundesministerium für Bildung und Technologie. DECHEMA, Gesellschaft für Chemische Technik und Biotechnologie. 1. Auflage. Frankfurt am Main: DECHEMA Gesellschaft für Chemische Technik und Biotechnologie e.V. Online verfügbar unter edocs.tib.eu/files/e01fn18/1034723774.pdf",
methanolisation,lifetime,2050,20,years,2023,,,eigene Annahmen,
methanolisation,efficiency,2050,0.7908,per unit,2023,,,Eigene Berechnungen auf Basis des Ablaufs der chemischen Reaktion und einem angesetzten Gütegrad der Reaktion von 95% (5% verfahrenstechnische Verluste),
methanolisation,thermal-output,2050,0.034176528,MWh_th/MWh_H2,2019,,,"Balopi, Babusi; Agachi, Paul; Danha (2019): Methanol Synthesis Chemistry and Process Engineering Aspects- A Review with Consequence to Botswana Chemical Industries. In: Procedia Manufacturing 35, S. 367–376.",
gas storage,investment,2050,5015,Euro/MWh_CH4,2017,,,"Gorre, Jachin; Ortloff, Felix; van Leeuwen, Charlotte (2019): Production costs for synthetic methane in 2030 and 2050 of an optimized Power-to-Gas plant with intermediate hydrogen storage. In: Applied Energy 253, S. 113594.",
gas storage,FOM,2050,1,%/year,2017,,,"Gorre, Jachin; Ortloff, Felix; van Leeuwen, Charlotte (2019): Production costs for synthetic methane in 2030 and 2050 of an optimized Power-to-Gas plant with intermediate hydrogen storage. In: Applied Energy 253, S. 113594.",
gas storage,lifetime,2050,20,years,2023,,,eigene Annahmen,
H2 (g) fill compressor station,investment,2050,916225.6036,Euro/MW_el,2015,,,"Reuß, M.; Grube, T.; Robinius, M.; Preuster, P.; Wasserscheid, P.; d. Stolten (2017): Seasonal storage and alternative carriers: A flexible hydrogen supply chain model. In: Applied Energy 200 (12), S. 290-302.",
H2 (g) fill compressor station,FOM,2050,4,%/year,2015,,,"Reuß, M.; Grube, T.; Robinius, M.; Preuster, P.; Wasserscheid, P.; d. Stolten (2017): Seasonal storage and alternative carriers: A flexible hydrogen supply chain model. In: Applied Energy 200 (12), S. 290-302.",
H2 (g) fill compressor station,lifetime,2050,20,years,2023,,,eigene Annahmen,
H2 (g) fill compressor station,electricity-input,2050,0.048,MWh_el/MWh_H2,2023,,,eigene Annahmen,
H2 liquefaction,investment,2050,3500,Euro/t_H2/a,2010,,,"eigene Annahmen auf Basis von Stolzenburg, K.; Mubbala, R. (2013): Integrated Design for Demonstration of Efficient Liquefaction of Hydrogen (IDEALHY). Fuel Cells and Hydrogen Joint Undertaking (FCH JU). Online verfügbar unter https://www.idealhy.eu/uploads/documents/IDEALHY_D3-16_Liquefaction_Report_web.pdf, zuletzt geprüft am 18.05.2021.",
H2 liquefaction,FOM,2050,4,%/year,2010,,,"Stolzenburg, K.; Mubbala, R. (2013): Integrated Design for Demonstration of Efficient Liquefaction of Hydrogen (IDEALHY). Fuel Cells and Hydrogen Joint Undertaking (FCH JU). Online verfügbar unter https://www.idealhy.eu/uploads/documents/IDEALHY_D3-16_Liquefaction_Report_web.pdf, zuletzt geprüft am 18.05.2021.",
H2 liquefaction,lifetime,2050,20,years,2010,,,"Stolzenburg, K.; Mubbala, R. (2013): Integrated Design for Demonstration of Efficient Liquefaction of Hydrogen (IDEALHY). Fuel Cells and Hydrogen Joint Undertaking (FCH JU). Online verfügbar unter https://www.idealhy.eu/uploads/documents/IDEALHY_D3-16_Liquefaction_Report_web.pdf, zuletzt geprüft am 18.05.2021.",
H2 liquefaction,electricity-input,2050,0.2,MWh_el/MWh_H2,2015,,,"Reuß, M.; Grube, T.; Robinius, M.; Preuster, P.; Wasserscheid, P.; d. Stolten (2017): Seasonal storage and alternative carriers: A flexible hydrogen supply chain model. In: Applied Energy 200 (12), S. 290-302.",
hydrogen storage tank,investment,2050,16700,Euro/MWh_H2,2017,,,"Gorre, Jachin; Ortloff, Felix; van Leeuwen, Charlotte (2019): Production costs for synthetic methane in 2030 and 2050 of an optimized Power-to-Gas plant with intermediate hydrogen storage. In: Applied Energy 253, S. 113594.",
hydrogen storage tank,FOM,2050,1.5,%/year,2017,,,"Gorre, Jachin; Ortloff, Felix; van Leeuwen, Charlotte (2019): Production costs for synthetic methane in 2030 and 2050 of an optimized Power-to-Gas plant with intermediate hydrogen storage. In: Applied Energy 253, S. 113594.",
hydrogen storage tank,lifetime,2050,20,years,2017,,,"Gorre, Jachin; Ortloff, Felix; van Leeuwen, Charlotte (2019): Production costs for synthetic methane in 2030 and 2050 of an optimized Power-to-Gas plant with intermediate hydrogen storage. In: Applied Energy 253, S. 113594.",
onwind IEC class 1,investment,2050,806000,Euro/MW_el,2017,,,Eigene Annahmen auf Basis von IRENA (2018): Renewable Power Generation Costs in 2017. International Renewable Energy Agency. Abu Dhabi,
onwind IEC class 1,FOM,2050,4,%/year,2017,,,Eigene Annahmen auf Basis von IRENA (2018): Renewable Power Generation Costs in 2017. International Renewable Energy Agency. Abu Dhabi,
onwind IEC class 1,lifetime,2050,20,years,2017,,,,
onwind IEC class 3,investment,2050,886000,Euro/MW_el,2017,,,Eigene Annahmen auf Basis von IRENA (2018): Renewable Power Generation Costs in 2017. International Renewable Energy Agency. Abu Dhabi,
onwind IEC class 3,FOM,2050,4,%/year,2017,,,Eigene Annahmen auf Basis von IRENA (2018): Renewable Power Generation Costs in 2017. International Renewable Energy Agency. Abu Dhabi,
onwind IEC class 3,lifetime,2050,20,years,2017,,,,
solar-utility,investment,2050,321000,Euro/MW_el,2017,,,Eigene Annahmen auf Basis von IRENA (2018): Renewable Power Generation Costs in 2017. International Renewable Energy Agency. Abu Dhabi,
solar-utility,FOM,2050,2.5,%/year,2017,,,Eigene Annahmen auf Basis von IRENA (2018): Renewable Power Generation Costs in 2017. International Renewable Energy Agency. Abu Dhabi,
solar-utility,lifetime,2050,25,years,2017,,,,
seawater desalination,investment,2050,2.23,Euro/m^3/year,2015,,,"Caldera U, Bogdanov D, Breyer C. Local cost of seawater RO desalination based on solar PV and wind energy: A global estimate. Desalination 2016;385:207–16.",
seawater desalination,FOM,2050,4,%/year,2015,,,"Caldera U, Bogdanov D, Afanasyeva S, Breyer C. Role of Seawater Desalination in the Management of an Integrated Water and 100% Renewable Energy Based Power Sector in Saudi Arabia. Water 2018;10(1):3.",
seawater desalination,lifetime,2050,30,years,2015,,,"Caldera U, Bogdanov D, Afanasyeva S, Breyer C. Role of Seawater Desalination in the Management of an Integrated Water and 100% Renewable Energy Based Power Sector in Saudi Arabia. Water 2018;10(1):3.",
seawater desalination,electricity-input,2050,0.004,MWh/m^3,2015,,,"Caldera U, Bogdanov D, Afanasyeva S, Breyer C. Role of Seawater Desalination in the Management of an Integrated Water and 100% Renewable Energy Based Power Sector in Saudi Arabia. Water 2018;10(1):3.",
gas,fuel,2030,19.21,EUR/MWhth,2015,LATAM,,"G. Moura and M. Howells, “SAMBA, The open source South American Model Base. A Brazilian Perspective on Long Term Power Systems Investment and Integration.,” Royal Institute of Technology (KTH), Sockholm, Work. Pap. Ser., no. DESA /15/8/11,  DOI: 10.13140/RG.2.1.3038.7042. Aug. 2015.",
gas,fuel,2040,24.55,EUR/MWhth,2015,LATAM,,"G. Moura and M. Howells, “SAMBA, The open source South American Model Base. A Brazilian Perspective on Long Term Power Systems Investment and Integration.,” Royal Institute of Technology (KTH), Sockholm, Work. Pap. Ser., no. DESA /15/8/11,  DOI: 10.13140/RG.2.1.3038.7042. Aug. 2015.",
gas,fuel,2050,24.55,EUR/MWhth,2015,LATAM,,"G. Moura and M. Howells, “SAMBA, The open source South American Model Base. A Brazilian Perspective on Long Term Power Systems Investment and Integration.,” Royal Institute of Technology (KTH), Sockholm, Work. Pap. Ser., no. DESA /15/8/11,  DOI: 10.13140/RG.2.1.3038.7042. Aug. 2015.",
coal,fuel,2030,11.14,EUR/MWhth,2015,LATAM,,"G. Moura and M. Howells, “SAMBA, The open source South American Model Base. A Brazilian Perspective on Long Term Power Systems Investment and Integration.,” Royal Institute of Technology (KTH), Sockholm, Work. Pap. Ser., no. DESA /15/8/11,  DOI: 10.13140/RG.2.1.3038.7042. Aug. 2015.",
coal,fuel,2040,11.65,EUR/MWhth,2015,LATAM,,"G. Moura and M. Howells, “SAMBA, The open source South American Model Base. A Brazilian Perspective on Long Term Power Systems Investment and Integration.,” Royal Institute of Technology (KTH), Sockholm, Work. Pap. Ser., no. DESA /15/8/11,  DOI: 10.13140/RG.2.1.3038.7042. Aug. 2015.",
coal,fuel,2050,11.65,EUR/MWhth,2015,LATAM,,"G. Moura and M. Howells, “SAMBA, The open source South American Model Base. A Brazilian Perspective on Long Term Power Systems Investment and Integration.,” Royal Institute of Technology (KTH), Sockholm, Work. Pap. Ser., no. DESA /15/8/11,  DOI: 10.13140/RG.2.1.3038.7042. Aug. 2015.",
oil,fuel,2030,42.63,EUR/MWhth,2015,LATAM,,"G. Moura and M. Howells, “SAMBA, The open source South American Model Base. A Brazilian Perspective on Long Term Power Systems Investment and Integration.,” Royal Institute of Technology (KTH), Sockholm, Work. Pap. Ser., no. DESA /15/8/11,  DOI: 10.13140/RG.2.1.3038.7042. Aug. 2015.",
oil,fuel,2040,49.59,EUR/MWhth,2015,LATAM,,"G. Moura and M. Howells, “SAMBA, The open source South American Model Base. A Brazilian Perspective on Long Term Power Systems Investment and Integration.,” Royal Institute of Technology (KTH), Sockholm, Work. Pap. Ser., no. DESA /15/8/11,  DOI: 10.13140/RG.2.1.3038.7042. Aug. 2015.",
oil,fuel,2050,49.59,EUR/MWhth,2015,LATAM,,"G. Moura and M. Howells, “SAMBA, The open source South American Model Base. A Brazilian Perspective on Long Term Power Systems Investment and Integration.,” Royal Institute of Technology (KTH), Sockholm, Work. Pap. Ser., no. DESA /15/8/11,  DOI: 10.13140/RG.2.1.3038.7042. Aug. 2015.",
